ID,Category,Question,Answer,Reasoning,Legal_Reference
"1,IGIC,""¿Qué constituye el hecho imponible del IGIC?"",""Las entregas de bienes y prestaciones de servicios a título oneroso realizadas por empresarios o profesionales en Canarias, así como las importaciones de bienes en el territorio."","""",""Ley 20/1991, de 7 de junio, art. 4.1."""
"2,IGIC,""¿Quiénes son sujetos pasivos del IGIC?"",""El empresario o profesional que realice la entrega de bienes o prestación de servicios, y el importador en las importaciones."","""",""Ley 20/1991, art. 19.1; RD-Leg 268/2011, Reglamento de Gestión IGIC, art. 2 bis."""
"3,IGIC,""¿Cómo se determina la base imponible en operaciones interiores?"",""Por el importe total de la contraprestación, sin deducir descuentos ni IGIC repercutido."","""",""Ley 20/1991, art. 22.1."""
"4,IGIC,""¿Cuáles son los tipos impositivos generales del IGIC?"",""Tipo general 7%, reducido 3% y superreducido 0% (otros tipos especiales en la normativa autonómica)."","""",""Ley 20/1991, art. 27.1; DL 1/2009 (Tributos cedidos Canarias), art. 3."""
"5,IGIC,""¿Qué deducciones puede aplicar el sujeto pasivo?"",""Deducción de cuotas soportadas en adquisiciones/importaciones afectadas a operaciones sujetas, prorrata y bienes de inversión."","""",""Ley 20/1991, art. 28.1 y 4; RD-Leg 268/2011, títulos II y IV."""
"6,IGIC,""¿Cuál es el hecho imponible en el IGIC?"",""La realización de entregas de bienes y prestaciones de servicios efectuadas por empresarios o profesionales en el ámbito territorial canario, así como las importaciones de bienes."",""El hecho imponible delimita cuándo se aplica el impuesto, siendo esencial para identificar las operaciones sujetas."",""Ley 20/1991, art. 4 y 9."""
"7,IGIC,""¿Cuándo se considera realizada una entrega de bienes en el IGIC?"",""Cuando el poder de disposición sobre el bien pasa al adquirente, aunque no se haya producido la transmisión jurídica."",""El momento de la entrega es clave para determinar la exigibilidad del impuesto."",""Ley 20/1991, art. 8."""
"8,IGIC,""¿Qué sujetos están obligados a repercutir el IGIC?"",""Los empresarios o profesionales que realicen operaciones sujetas al impuesto deben repercutir el IGIC a sus clientes."",""La repercusión garantiza que el impuesto sea soportado por el consumidor final."",""Ley 20/1991, art. 19."""
"9,IGIC,""¿Qué es la base imponible en el IGIC?"",""La base imponible es el importe total de la contraprestación recibida por las operaciones sujetas, incluyendo gastos accesorios y excluyendo el propio IGIC."",""Determinar la base imponible es fundamental para calcular correctamente la cuota tributaria."",""Ley 20/1991, art. 22."""
"10,IGIC,""¿Qué tipos de gravamen existen en el IGIC?"",""Existen varios tipos: general, reducido, incrementado y cero, aplicables según la naturaleza del bien o servicio."",""Los diferentes tipos permiten adaptar la carga fiscal a la realidad económica y social."",""Ley 20/1991, art. 51 y siguientes."""
"11,IGIC,""¿Qué operaciones están exentas de IGIC?"",""Algunas operaciones, como servicios médicos, educativos y determinadas entregas de bienes, están exentas de IGIC."",""Las exenciones buscan proteger sectores de interés social o evitar la doble imposición."",""Ley 20/1991, art. 10 y 11."""
"12,IGIC,""¿Qué es la deducción del IGIC soportado?"",""Es el derecho de los empresarios a restar el IGIC pagado en sus compras del IGIC repercutido en sus ventas."",""El mecanismo de deducción evita la acumulación del impuesto en la cadena de producción y distribución."",""Ley 20/1991, art. 29 y siguientes."""
"13,IGIC,""¿Cuándo nace la obligación de presentar autoliquidaciones de IGIC?"",""La obligación nace al realizar operaciones sujetas y no exentas, debiendo presentarse periódicamente según el calendario fiscal."",""La autoliquidación permite el control y recaudación eficiente del impuesto."",""Ley 20/1991, art. 59."""
"14,IGIC,""¿Qué es el régimen simplificado del IGIC?"",""Es un régimen especial para pequeños empresarios que simplifica la determinación y pago del impuesto."",""Facilita el cumplimiento tributario a quienes tienen menor capacidad administrativa."",""Ley 20/1991, art. 52."""
"15,IGIC,""¿Es deducible el IGIC soportado en operaciones interiores por 500€ (Q4 del documento)?"",""El IGIC soportado en la adquisición de bienes y servicios afecta a la actividad empresarial y es deducible, salvo que exista una limitación específica."","""",""Ley 20/2014 (Art. 104)."""
"16,IGIC,""¿Qué tipo de IGIC se aplica al arrendamiento de autocaravanas por 3.000€ y cuál es la cuota?"",""El arrendamiento de vehículos, incluidas las autocaravanas, tributa al tipo especial del 15%. Cuota: 3.000€ * 15% = 450€."","""",""Ley 20/2014 (Art. 70.1.ñ)."""
"17,IGIC,""¿Está sujeta y exenta la actividad de acceso a servicios de gimnasio de una entidad mercantil (60€)?"",""El acceso a instalaciones deportivas y de ocio ofrecido por entidades mercantiles para su explotación económica está sujeto al IGIC y no se encuentra entre las operaciones exentas. Es """"Sujeto y no exento""""."","""",""Ley 20/2014 (Art. 4, Art. 10)."""
"18,IGIC,""¿Qué tipo de IGIC se aplica a las comidas para llevar (10.000€) y cuál es la cuota?"",""Las comidas para llevar se consideran entregas de bienes y tributan al tipo general del IGIC. Cuota: 10.000€ * 7% = 700€."","""",""Ley 20/2014 (Art. 70.1.a)."""
"19,IGIC,""Calcula la cuota de IGIC por la venta de comida preparada por un minorista (60.000€)."",""Se considera entrega de bienes sujeta a un tipo reducido del 3%. Cuota: 60.000€ * 3% = 1.800€."","""",""Ley 20/2014 (Art. 70.1.f)."""
"20,IGIC,""Un médico realiza estudios científicos (no exento, 60.000€), consultas (exento, 300.000€) y cirugía estética (no exento, 200.000€). Calcula la prorrata."",""Prorrata = (Operaciones No Exentas / Total Operaciones) * 100 = (60.000 + 200.000) / (60.000 + 300.000 + 200.000) = 47%."","""",""Ley 20/2014 (Art. 105)."""
"21,AJD,""¿Qué impuesto y cuota se devengan por la declaración de obra nueva de un edificio con coste de construcción de 2.000.000€?"",""La declaración de obra nueva en escritura pública está sujeta a AJD. La base imponible es el coste de la construcción y se aplica un tipo impositivo específico. Tipo 0,75%, Cuota: 15.000€."","""",""Ley 20/2014 (Art. 31.2), RDLeg 1/1993 (Art. 70)."""
"22,AJD,""¿Qué impuesto y cuota se devengan por la división horizontal de un edificio valorado en 2.800.000€?"",""La división horizontal formalizada en escritura pública está sujeta a AJD. La base imponible es el valor del inmueble y se aplica un tipo impositivo específico. Tipo 0,75%, Cuota: 21.000€."","""",""Ley 20/2014 (Art. 31.2), RDLeg 1/1993 (Art. 70)."""
"23,IGIC,""¿Qué impuesto grava la venta de pisos recién terminados por su promotor?"",""La primera entrega de inmuebles por el promotor, tras la construcción, está sujeta y no exenta de IGIC."","""",""Ley 20/2014 (Art. 4.1.c, Art. 10.1.22º)."""
"24,TPO y AJD,""¿Qué impuesto grava la venta de un local comercial por un empresario que lo usó más de 10 años?"",""La segunda o ulterior entrega de edificaciones está sujeta a TPO (dentro del ITPAJD) y exenta de IGIC."","""",""RDLeg 1/1993 (Art. 7.1.c TPO)."""
"25,IGIC,""¿Está sujeta y exenta de IGIC el alquiler de un local a un fisioterapeuta para su consulta?"",""Está sujeta y no exenta de IGIC, ya que la exención de viviendas no aplica cuando el destino no es residencial."","""",""Ley 20/2014 (Art. 4.1.c, Art. 10.1.23º)."""
"26,IGIC,""¿Está sujeta a IGIC la prestación de servicios publicitarios a un empresario en Valencia por 5.000€?"",""No está sujeta a IGIC porque, según las reglas de localización de servicios B2B, el servicio se considera prestado en el lugar donde el destinatario tiene su actividad económica (Valencia)."","""",""Ley 20/2014 (Art. 11.2.d)."""
"27,IGIC,""¿Está sujeta y exenta la explotación de máquinas recreativas que genera 30.000€ de ingresos?"",""Sí, la explotación de máquinas recreativas está sujeta a IGIC pero goza de una exención específica."","""",""Ley 20/2014 (Art. 10.1.19º)."""
"28,IGIC,""Calcula el IGIC devengado por los ingresos del taller (60.000€) en el primer trimestre (Q5 del documento)."",""Los servicios de reparación de vehículos están sujetos al tipo general del IGIC. 60.000€ * 7% = 4.200€."","""",""Ley 20/2014 (Art. 4, Art. 70)."""
"29,IGIC,""¿Es deducible el IGIC soportado en la adquisición de bienes objeto de reventa por comerciantes minoristas (ej. coches)?"",""No, el IGIC soportado en la adquisición de bienes objeto de reventa por comerciantes minoristas acogidos al régimen especial no es deducible, ya que la operación de venta está exenta."","""",""Ley 20/2014 (Art. 10.1.27º)."""
"30,ISD,""¿Cuál es el hecho imponible en sucesiones?"",""Incrementos patrimoniales obtenidos a título gratuito por causa de muerte."","""",""Ley 29/1987, de 18 de diciembre, art. 3."""
"31,ISD,""¿Quién es sujeto pasivo en sucesiones?"",""El heredero, legatario o beneficiario del seguro de vida."","""",""Ley 29/1987, art. 5."""
"32,ISD,""¿Cómo se calcula la base imponible en sucesiones?"",""Valor neto de la adquisición individual: valor real del bien menos cargas y deudas deducibles."","""",""Ley 29/1987, art. 9.a."""
"33,ISD,""¿Qué reducciones autonómicas de Canarias se aplican en adquisiciones mortis causa?"",""Reducciones por parentesco y vivienda habitual hasta 200.000 € (Grupo I-III)."","""",""DL 1/2009 (Tributos cedidos Canarias), art. 19 y 20."""
"34,ISD,""¿Cómo se obtiene la cuota íntegra?"",""Aplicando la escala de tarifas progresivas estatales sobre la base liquidable, con coeficientes multiplicadores de la Comunidad."","""",""Ley 29/1987, art. 21; DL 1/2009, art. 21."""
"35,ISD,""¿Cuál es el plazo máximo para presentar la declaración del Impuesto sobre Sucesiones y Donaciones (ISD) por causa de muerte?"",""El plazo máximo es de 6 meses, según el Artículo 24 de la Ley del Impuesto sobre Sucesiones y Donaciones (LISD)."","""","""""
"36,ISD,""Si Andreas Wasteiner, residente fiscal en Canarias, fallece dejando bienes, y su sobrina Angelika es la única heredera, ¿cuál es la base imponible de la herencia para Angelika si el patrimonio bruto es de €599,000 y se han pagado €3,000 a la administración tributaria alemana?"",""La base imponible para la heredera es de €596,000. La Masa Hereditaria Bruta (MHB) es de €599,000. La Masa Hereditaria Neta (MHN) se calcula restando los €3,000 pagados a la administración tributaria alemana, resultando en €596,000."","""",""Artículos 9 y 13 de la Ley del Impuesto sobre Sucesiones y Donaciones (LISD)."""
"37,ISD,""¿Qué reducciones puede aplicar Angelika en el Impuesto sobre Sucesiones y Donaciones si es sobrina del causante y ha convivido con él en los dos últimos años?"",""Angelika, al pertenecer al Grupo III, puede aplicar una reducción de €9,300. Además, si ha convivido en los dos últimos años, tiene derecho a una reducción de €200,000 por la vivienda habitual."","""",""Artículos 20 y 22 del Decreto Legislativo 1/2009."""
"38,ISD,""¿Qué es el ISD y qué grava?"",""El ISD (Impuesto sobre Sucesiones y Donaciones) grava la adquisición de bienes y derechos por herencia, legado o donación."",""Es un impuesto directo que busca gravar el incremento patrimonial gratuito."",""Ley 29/1987, art. 1."""
"39,ISD,""¿Quiénes son sujetos pasivos en el ISD?"",""Son sujetos pasivos quienes reciben bienes o derechos por herencia, legado o donación."",""El impuesto recae sobre quien experimenta el aumento patrimonial."",""Ley 29/1987, art. 5."""
"40,ISD,""¿Qué es la base imponible en el ISD?"",""Es el valor neto de los bienes y derechos adquiridos, deducidas las cargas y deudas deducibles."",""Permite calcular el impuesto sobre el valor real recibido."",""Ley 29/1987, art. 9."""
"41,ISD,""¿Qué reducciones existen en la base imponible del ISD?"",""Existen reducciones por parentesco, discapacidad, adquisición de vivienda habitual, empresa familiar, entre otras."",""Las reducciones buscan adaptar la carga fiscal a circunstancias personales y sociales."",""Ley 29/1987, art. 20."""
"42,ISD,""¿Cómo se determina la cuota tributaria en el ISD?"",""Aplicando la tarifa progresiva y los coeficientes multiplicadores según el grado de parentesco y patrimonio preexistente."",""El sistema progresivo y los coeficientes buscan una mayor equidad fiscal."",""Ley 29/1987, art. 21 y 22."""
"43,ISD,""¿Qué plazo existe para presentar la autoliquidación del ISD?"",""El plazo general es de seis meses desde el fallecimiento o la donación, prorrogable por otros seis meses."",""El plazo permite organizar la gestión patrimonial y tributaria tras la adquisición."",""Ley 29/1987, art. 67."""
"44,ISD,""¿Cómo se valora el usufructo vitalicio a efectos del Impuesto sobre Sucesiones y Donaciones (ISD)?"",""El valor del usufructo vitalicio se calcula restando a 89 la edad del usufructuario en el momento del devengo, expresado en porcentaje del valor total del bien, con un mínimo del 10% y un máximo del 70%."","""",""Real Decreto 1629/1991, de 8 de noviembre, Artículo 49.b)."""
"45,ISD,""¿Cómo se valora la vivienda habitual a efectos del Impuesto sobre el Patrimonio en Canarias?"",""La vivienda habitual se valora por el mayor de su valor catastral, el precio de adquisición o el valor de referencia catastral (si existe y es superior). En Canarias, está exenta hasta un límite de 300.000 euros por contribuyente."","""",""Ley 19/1991, Artículo 4.Cinco y Decreto Legislativo 1/2009, Artículo 39."""
"46,ISD,""¿Las donaciones realizadas en los 4 años anteriores al fallecimiento del causante se acumulan a la herencia a efectos fiscales?"",""Sí. Las donaciones realizadas por el causante en los 4 años inmediatos anteriores a su fallecimiento se acumulan a la herencia que recibe el mismo heredero o legatario a efectos de calcular el Impuesto sobre Sucesiones y Donaciones (ISD). Esta acumulación se hace para determinar el tipo de gravamen aplicable, no para el reparto de la masa hereditaria."","""",""Ley 29/1987, Artículo 30."""
"47,ISD,""¿Cuál es el tratamiento fiscal de una donación de un bien inmueble con una hipoteca, si el donatario asume la deuda?"",""La operación se desdobla a efectos fiscales. La parte correspondiente al valor del bien menos la deuda asumida tributa por el Impuesto sobre Sucesiones y Donaciones (ISD) como una donación. La parte correspondiente al importe de la deuda asumida se considera una transmisión onerosa y tributa por el Impuesto sobre Transmisiones Patrimoniales Onerosas (TPO)."","""",""Ley 29/1987, Artículo 3.1.b) y Real Decreto Legislativo 1/1993, Artículo 7.2.?)."""
"48,ISD,""¿Los gastos de sepelio y última enfermedad son deducibles en el Impuesto sobre Sucesiones y Donaciones (ISD)?"",""Sí, los gastos de sepelio y última enfermedad son deducibles en el ISD, siempre que no estén cubiertos por seguros o por otras vías. Se restan de la masa hereditaria bruta para obtener la masa hereditaria neta."","""",""Ley 29/1987, Artículo 13."""
"49,TPO y AJD,""¿Cuál es el hecho imponible de TPO?"",""Transmisiones onerosas de bienes inmuebles y derechos reales sobre los mismos entre particulares."","""",""Ley 29/1987 T-Única de Disposiciones Cedidas (DL 1/2009), art. 7 LITP."""
"50,TPO y AJD,""¿Quién es sujeto pasivo en TPO?"",""El adquirente del bien inmovilizado."","""",""LITP, art. 8.b)."""
"51,TPO y AJD,""¿Cómo se determina la base imponible en TPO?"",""Valor real del bien o derecho transmitido (VRC o coste fiscal, el mayor)."","""",""LITP, art. 10."""
"52,TPO y AJD,""¿Qué tipo se aplica en TPO en Canarias?"",""Tipo general 6,5%, con reducciones o bonificaciones autonómicas específicas."","""",""DL 1/2009, art. 30; DL 268/2011, art. 3."""
"53,IGIC - REPEP,""En el Régimen Especial del Pequeño Empresario (REPEP) del IGIC, ¿se incluye el arrendamiento de un local heredado en el volumen de operaciones?"",""Sí, se incluye."",""Aunque no sea la actividad principal, el arrendamiento de un local se considera una actividad económica sujeta a IGIC y sus ingresos se suman para calcular el volumen de operaciones."",""Art. 5.Dos y 55 de la Ley 20/1991 (Ley del IGIC)"""
"54,IGIC - REPEP,""¿Cómo se calcula el límite de volumen de operaciones para el REPEP si la actividad se inicia a mitad de año?"",""El límite anual (30.000€) se debe ajustar proporcionalmente al tiempo de ejercicio de la actividad durante el año natural."",""Cuando la actividad no se ejerce durante todo el año, el límite de 30.000 euros se prorratea para los meses en los que se estuvo de alta para una comparación justa."",""Art. 31.2 del Decreto 268/2011"""
"55,IGIC - Hecho Imponible,""Un abogado en Canarias asesora a un particular sobre la compra de un inmueble en Madrid. ¿La operación está sujeta a IGIC?"",""Sí, está sujeta y no exenta de IGIC."",""Al ser un servicio a un consumidor final (B2C), se localiza donde el prestador tiene su sede (Canarias). No se considera un servicio directamente relacionado con el inmueble."",""Art. 17.Uno.2.º del TRLCCT"""
"56,IGIC - Hecho Imponible,""Un abogado en Canarias redacta un contrato de compraventa de un inmueble situado en Canarias para una empresa de Madrid. ¿La operación está sujeta a IGIC?"",""Sí, está sujeta y no exenta de IGIC."",""Aunque es un servicio a una empresa (B2B) cuya sede está en Madrid, se aplica la regla especial de localización para servicios relacionados directamente con bienes inmuebles, por lo que tributa donde radica el inmueble (Canarias)."",""Art. 17.Uno.1.º.d) del TRLCCT"""
"57,IGIC - Hecho Imponible,""¿Los servicios prestados por un abogado en el turno de oficio están sujetos a IGIC?"",""No, la operación está no sujeta a IGIC."",""La doctrina considera que la retribución percibida tiene carácter de compensación o indemnización por un servicio público obligatorio, no una contraprestación de mercado."",""Doctrina administrativa y jurisprudencia"""
"58,IGIC - REPEP,""Para calcular el volumen de operaciones a efectos del REPEP, ¿se computan los servicios no sujetos a IGIC (localizados fuera de Canarias)?"",""Sí, se computan todas las operaciones realizadas en el ejercicio de la actividad, incluidas las no sujetas por reglas de localización."",""El concepto de 'volumen total de operaciones realizadas' es amplio e incluye operaciones no sujetas o exentas para determinar si se supera el umbral del régimen."",""Art. 54.Uno del TRLCCT"""
"59,Procedimiento Tributario - Comprobación Limitada,""En un procedimiento de comprobación limitada, ¿puede la Administración examinar la contabilidad mercantil que el contribuyente aporta voluntariamente?"",""Sí, pero solo para constatar la coincidencia entre lo que figura en la contabilidad y la información que ya posee la Administración."",""La comprobación limitada tiene vedado el examen general de la contabilidad mercantil, pero si el contribuyente la aporta, puede usarse para verificar la información requerida."",""Art. 136.2 LGT"""
"60,Procedimiento Tributario - Recaudación,""¿Cuáles son los únicos motivos para oponerse a una providencia de apremio?"",""Extinción de la deuda, prescripción, solicitud de aplazamiento en voluntaria, falta de notificación de la liquidación, anulación de la liquidación o error en la identificación de la deuda/deudor."",""La ley establece una lista cerrada (numerus clausus) de motivos. No se pueden alegar cuestiones de fondo de la liquidación ni falta de recursos económicos."",""Art. 167.3 LGT"""
"61,Procedimiento Tributario - Recaudación,""Si se paga una deuda en ejecutiva después del plazo del art. 62.5 LGT, ¿qué recargo se aplica y proceden intereses de demora?"",""Se aplica el recargo de apremio ordinario del 20% y sí proceden intereses de demora."",""Al pagar fuera del plazo para el recargo reducido (10%), se aplica el ordinario (20%). Este es compatible con la exigencia de intereses de demora devengados desde el inicio del período ejecutivo."",""Art. 28 LGT"""
"62,Procedimiento Tributario - Recaudación,""Si se paga una deuda en ejecutiva dentro del plazo del art. 62.5 LGT, ¿qué recargo se aplica y proceden intereses de demora?"",""Se aplica el recargo de apremio reducido del 10% y no proceden intereses de demora."",""El pago dentro del plazo especial de la providencia de apremio permite aplicar el recargo reducido, que es incompatible con la exigencia de intereses de demora."",""Art. 28 LGT"""
"63,Tributación Múltiple - Operaciones Societarias,""Una sociedad (GSA) aporta dos locales de nueva construcción a otra sociedad (FSA) para ampliar capital. ¿Qué impuestos gravan la operación?"",""Grava por IGIC (entrega de bienes), Impuesto sobre Sociedades (ganancia/pérdida patrimonial para GSA), Plusvalía Municipal (IIVTNU) y AJD (cuota fija). Está exenta en la modalidad OS del ITPAJD."",""Se producen varios hechos imponibles: la entrega del inmueble (primera entrega sujeta a IGIC), la operación societaria (exenta de OS), el acto notarial (sujeto a AJD fijo) y la alteración patrimonial en el transmitente (sujeta a IS)."",""Ley IGIC, Ley IS, TRLITPAJD, Ley Haciendas Locales"""
"64,Procedimiento Tributario - Notificaciones,""¿Es válida una notificación en papel si entre el primer y el segundo intento de entrega en el domicilio transcurren más de 3 días?"",""No, la notificación no es válida."",""La ley exige que el segundo intento de notificación se practique dentro de los tres días siguientes al primero. El incumplimiento de este requisito anula el segundo intento y, por tanto, la posterior notificación por comparecencia."",""Art. 42.2 Ley 39/2015"""
"65,Procedimiento Tributario - Notificaciones,""En una notificación por comparecencia publicada en el BOE, ¿cuándo se entiende producida la notificación si el interesado no comparece?"",""Se entiende producida el día siguiente al del vencimiento del plazo de 15 días naturales contados desde el siguiente a la publicación."",""La ley establece un plazo para que el interesado comparezca. Si no lo hace, la notificación surte efectos legales automáticamente al día siguiente de finalizar dicho plazo para no dejar la eficacia del acto en manos del destinatario."",""Art. 112 LGT"""
"66,Procedimiento Tributario - Notificaciones,""¿Es correcta una notificación entregada al portero de la comunidad si el contribuyente no comunicó su cambio de domicilio fiscal?"",""Sí, la notificación es correcta."",""El domicilio fiscal que produce efectos frente a la Administración es el último comunicado. Las notificaciones practicadas en dicho domicilio son válidas, y la ley permite que los empleados de la comunidad de propietarios se hagan cargo de ellas."",""Art. 48 y 111 LGT"""
"67,IGIC - Inversión Sujeto Pasivo,""En la venta de envases de plástico usados para reciclaje entre dos empresas canarias, ¿quién es el sujeto pasivo del IGIC?"",""El sujeto pasivo es la empresa adquirente (Ecoinsular, SA) por inversión del sujeto pasivo."",""La ley establece un supuesto de inversión del sujeto pasivo para las entregas de determinados residuos y materiales de recuperación, trasladando la obligación de declarar el impuesto del vendedor al comprador."",""Art. 19.1.2º d) de la Ley 20/1991"""
"68,IGIC - Inversión Sujeto Pasivo,""Una empresa constructora subcontrata a una empresa de pinturas para un edificio en construcción. ¿Quién es el sujeto pasivo del IGIC en la factura de la empresa de pinturas?"",""El sujeto pasivo es la empresa constructora (Construcciones Insulares, SA) por inversión del sujeto pasivo."",""En ejecuciones de obra de construcción, se aplica la inversión del sujeto pasivo en la facturación entre el contratista principal y sus subcontratistas."",""Art. 19.1.2º h) de la Ley 20/1991"""
"69,Reclamaciones Económico-Administrativas,""Un particular recibe una factura con un tipo de IGIC que considera incorrecto. ¿Puede presentar una reclamación económico-administrativa?"",""Sí, son reclamables los actos relativos a la obligación de expedir y rectificar facturas que incumben a los empresarios."",""La ley permite recurrir en vía económico-administrativa no solo las liquidaciones, sino también otros actos, como los relacionados con las obligaciones de facturación."",""Art. 227.4.c) LGT"""
"70,IGIC - Base Imponible,""¿Una indemnización recibida de una aseguradora por un incendio forma parte de la base imponible del IGIC?"",""No, no forma parte de la base imponible."",""Las indemnizaciones no constituyen la contraprestación de una entrega de bienes o prestación de servicios, por lo que no están sujetas al impuesto."",""Art. 22 de la Ley 20/1991"""
"71,IGIC - Régimen Simplificado,""Un contribuyente en Régimen Simplificado de IGIC en 2021 supera en 2022 el límite de compras permitidas. ¿En qué régimen tributará en 2023?"",""En 2023 tributará por Estimación Directa (Régimen General)."",""La exclusión del Régimen Simplificado por superar los límites obliga a tributar en el Régimen General y tiene efectos para un período mínimo de tres años."",""Art. 76.Cuatro de la Ley 4/2012"""
"72,Procedimiento Tributario - Prescripción,""¿Cuál es el plazo de prescripción del derecho de la Administración para comprobar bases o cuotas a compensar generadas en ejercicios anteriores?"",""El derecho a comprobar estas bases o cuotas prescribe a los 10 años."",""Se establece un plazo especial de prescripción, más largo que el general de 4 años, para la comprobación de créditos fiscales como bases imponibles negativas o cuotas a compensar."",""Art. 66 bis.2 de la LGT"""
"73,ITP y AJD - Sucesiones,""¿Un sobrino que hereda tiene derecho a alguna reducción en el Impuesto de Sucesiones en Canarias?"",""Sí, tiene derecho a una reducción por parentesco de Grupo III (9.300€) y, si convivió con el causante, a una reducción por vivienda habitual (200.000€)."",""La normativa canaria establece reducciones en la base imponible del impuesto en función del grado de parentesco y por la adquisición de la que fuera vivienda habitual del fallecido."",""Art. 20 y 22 del Decreto Legislativo 1/2009"""
"74,ITP y AJD - Patrimonio,""¿Cuándo está obligado un residente en Canarias a presentar la declaración del Impuesto sobre el Patrimonio?"",""Cuando su patrimonio bruto supera los 2.000.000 € o cuando, sin superarlo, su cuota tributaria resulta a ingresar."",""La ley establece dos umbrales para la obligación de declarar: uno por el valor total de bienes y derechos, y otro por el resultado de la liquidación."",""Art. 37 de la Ley 19/1991 (LIP)"""
"75,Procedimiento Tributario - Tasación Pericial,""En una tasación pericial contradictoria, si la valoración de un tercer perito está más cerca de la de la Administración, ¿quién paga sus honorarios?"",""El obligado tributario."",""Los gastos del tercer perito los abona la parte cuya valoración se aleje más de la del perito tercero, con una regla de corrección si la diferencia es inferior al 20%."",""Art. 135 LGT"""
"76,IGIC - Deducciones,""Un empresario afecta a su actividad un ordenador que había comprado un año antes para uso personal. ¿Puede deducir el IGIC soportado en la compra?"",""No, el IGIC soportado no es deducible."",""No se pueden deducir las cuotas soportadas por bienes adquiridos sin la intención inicial de utilizarlos en la actividad empresarial, aunque posteriormente se afecten a ella."",""Art. 28.4 de la Ley 20/1991 (L 20/91)"""
"77,Procedimiento Tributario - Caducidad,""Un procedimiento de comprobación limitada se inicia el 12/01 y se notifica la resolución el 23/07. ¿Ha caducado el procedimiento?"",""Sí. El plazo de duración máxima es de 6 meses, que finalizaba el 12/07. Al notificarse después, el procedimiento ha caducado."",""La Administración debe resolver y notificar sus procedimientos dentro de un plazo máximo (generalmente 6 meses). El incumplimiento provoca la caducidad del procedimiento."",""Art. 136 y 104 LGT"""
"78,ITP y AJD - TPO,""En una compraventa de nuda propiedad, conservando el vendedor el usufructo vitalicio, ¿cómo se calcula el valor de la nuda propiedad a efectos del ITPAJD?"",""Se resta el valor del usufructo al valor total del bien. El valor del usufructo es un porcentaje del valor total, calculado como (89 - edad del usufructuario) %."",""La ley establece reglas específicas para valorar derechos reales como el usufructo, que dependen de la edad del usufructuario para determinar qué parte del valor total del bien le corresponde."",""Art. 26 del LITP"""
"79,Procedimiento Tributario - Embargo,""¿Cuál es el orden legal de embargo de los bienes de un deudor?"",""1º Dinero, 2º Créditos y valores a corto plazo, 3º Sueldos y pensiones, 4º Bienes inmuebles, 5º Establecimientos mercantiles, 6º Bienes muebles."",""La ley establece un orden de prelación que busca la mayor facilidad y menor perjuicio para el deudor en la realización de los bienes para satisfacer la deuda."",""Art. 169 LGT"""
"80,IGIC - Exenciones,""Un oftalmólogo presta un servicio médico en su consulta. ¿La operación está sujeta a IGIC?"",""Sí, la operación está sujeta pero exenta. Los servicios de asistencia sanitaria prestados por profesionales médicos están exentos."",""La finalidad es proteger la salud pública y no encarecer servicios médicos esenciales."",""Art. 50.Uno.3º de la Ley 20/1991"""
"81,ITP y AJD,""¿Cómo tributa la Declaración de Obra Nueva y la posterior División Horizontal de un edificio promovido por una empresa?"",""Ambas operaciones están sujetas a la cuota variable del Impuesto sobre Actos Jurídicos Documentados (AJD)."",""Al tratarse de escrituras públicas con contenido valuable e inscribibles en el Registro, que no están sujetas a TPO ni OS, quedan gravadas por AJD."",""Art. 31.2º del RDL 1/1993"""
"82,Procedimiento Tributario - Regularización Voluntaria,""Un contribuyente presenta una autoliquidación complementaria de IGIC más de 12 meses después del fin del plazo voluntario. ¿Qué consecuencias tiene?"",""Se le exigirá un recargo del 15% sobre la cuota no ingresada, más los intereses de demora devengados desde el fin del mes 12. Se excluye la sanción."",""La ley incentiva la regularización voluntaria sustituyendo la sanción por un recargo. Si el retraso supera el año, el recargo es del 15% y se suman intereses."",""Art. 27 LGT"""
"83,Procedimiento Tributario - Regularización Voluntaria,""Un contribuyente se da cuenta de que pagó de más en su autoliquidación de ITPAJD. ¿Qué procedimiento debe seguir para recuperar el exceso?"",""Debe instar la rectificación de su autoliquidación mediante una solicitud a la Administración, pidiendo la devolución del ingreso indebido más los intereses de demora."",""Cuando el error perjudica al contribuyente, este debe iniciar un procedimiento de rectificación para que la Administración le devuelva lo pagado en exceso."",""Art. 120.3 LGT"""
"84,Obligaciones Formales,""Un abogado factura a varios clientes más de 3.005,06 euros al año. ¿Qué declaración informativa debe presentar en Canarias?"",""Debe presentar el modelo 415 (Declaración anual de operaciones con terceras personas) durante el mes de febrero del año siguiente."",""Los empresarios y profesionales están obligados a informar anualmente sobre las operaciones con clientes y proveedores que superen un determinado umbral."",""Art. 140 y 144 del Decreto 268/2011"""
"85,Obligaciones Formales,""¿Un empresario acogido al régimen simplificado del IGIC está obligado a expedir factura siempre?"",""No. No está obligado, salvo que la determinación de sus cuotas se base en el volumen de ingresos o por las transmisiones de sus activos fijos."",""La norma general exime de facturar en el régimen simplificado, pero establece excepciones importantes para ciertos tipos de operaciones."",""Art. 3.1.c) del RD 1619/2012"""
"86,Procedimiento Tributario - Comprobación,""Un agente tributario, en una comprobación censal, se persona en un local de negocio. ¿Se le puede negar la entrada?"",""No. Una negativa constituiría una infracción por resistencia a la actuación administrativa. Los agentes de gestión, en funciones de comprobación censal, tienen las facultades de la inspección."",""La ley otorga al personal de la Administración facultades de entrada y reconocimiento de locales de negocio para verificar datos censales, siendo obligatoria la colaboración del contribuyente."",""Art. 136.4 y 142 LGT"""
"87,Procedimiento Tributario - Sucesión Deuda,""Un deudor fallece teniendo pendiente una deuda tributaria y una sanción. ¿Se transmiten ambas a su heredero?"",""La deuda tributaria pendiente sí se transmite al heredero, pero la sanción no se transmite y se extingue con el fallecimiento."",""La responsabilidad por infracciones es personalísima y no se hereda. Sin embargo, las obligaciones tributarias (la deuda principal) sí pasan a los herederos."",""Art. 39.1 LGT"""
"88,Procedimiento Tributario - Sanciones,""Un contribuyente solicita indebidamente una devolución de 25.000€ que no llega a ser pagada, y además deja de ingresar 3.500€. ¿Cómo se sanciona?"",""Comete dos infracciones: una por solicitar indebidamente la devolución (sanción del 15% de 25.000€) y otra por dejar de ingresar (sanción del 50% de 3.500€)."",""Son dos conductas infractoras distintas y se sancionan de forma separada. La solicitud indebida tiene su propio tipo infractor, distinto al de la falta de ingreso."",""Art. 191 y 194 LGT"""
"89,IGIC - Deducciones,""Un dentista, cuya actividad está exenta de IGIC, adquiere un aparato de rayos X para su consulta. ¿Puede deducir el IGIC soportado?"",""No, la cuota de IGIC soportada no es deducible."",""Los sujetos pasivos que realizan exclusivamente operaciones exentas que no originan el derecho a la deducción no pueden deducir las cuotas soportadas en sus adquisiciones."",""Art. 29.Cuatro Ley 20/1991"""
"90,IGIC - Deducciones,""Un arrendador compra un apartamento para alquilarlo a turistas 10 meses al año y usarlo para fines privados 2 meses. ¿Puede deducir el IGIC de la compra?"",""Sí, es deducible parcialmente, en proporción al grado de utilización en la actividad económica (10/12 partes de la cuota)."",""Cuando un bien de inversión se utiliza para actividades empresariales y para necesidades privadas, se aplica la regla de afectación parcial, permitiendo la deducción en proporción al uso empresarial."",""Art. 33 Ley 20/1991"""
"91,IGIC - Deducciones,""Una empresa de seguridad y vigilancia compra un vehículo para su actividad. ¿En qué porcentaje puede deducir el IGIC soportado?"",""Es deducible al 100%."",""Aunque para vehículos turismo se presume una afectación del 50%, la ley establece que para ciertos vehículos, como los de vigilancia, se presume una afectación íntegra a la actividad económica."",""Art. 32 Ley 20/1991"""
"92,Procedimiento Tributario - Comprobación Valores,""En una comprobación de valores de un inmueble, ¿tiene la Administración la obligación de visitar el bien?"",""Sí. La jurisprudencia del Tribunal Supremo considera que para una valoración pericial individualizada y motivada es imprescindible la visita física del perito al inmueble."",""Una valoración que no se basa en un examen personal y directo del inmueble carece de la motivación necesaria y es susceptible de ser anulada por los tribunales."",""Jurisprudencia del Tribunal Supremo"""
"93,Procedimiento Tributario - Comprobación Valores,""¿Qué ocurre si el interesado se niega a que el perito de la Administración visite el inmueble objeto de una comprobación de valores?"",""Comete una infracción por resistencia a las actuaciones de la Administración, sancionable con multa, y la Administración puede solicitar una autorización judicial de entrada."",""La ley tipifica como infracción la obstrucción a las actuaciones de la Administración, que puede actuar judicialmente para ejercer sus facultades de comprobación."",""Art. 203 y 113 LGT"""
"94,Procedimiento Tributario - Comprobación Valores,""Si el perito designado por el interesado en una Tasación Pericial Contradictoria no entrega su informe en plazo, ¿cuál es la consecuencia?"",""Se entiende que el interesado desiste de su derecho a la tasación, se acepta la valoración de la Administración y finaliza el procedimiento."",""El incumplimiento de los plazos por parte del perito del interesado se interpreta como una renuncia a la TPC, aceptándose la valoración administrativa como firme en esa vía."",""Art. 135 LGT"""
"95,Procedimiento Tributario - Intereses,""En un acta de conformidad firmada el 13/10, ¿hasta qué fecha se calculan los intereses de demora?"",""Hasta el 13 de noviembre del mismo año."",""En las actas de conformidad, se entiende que la liquidación se dicta al mes de la firma. Los intereses de demora se devengan hasta la fecha en que se entiende dictada dicha liquidación."",""Art. 26.5 y 156.3 LGT"""
"96,Procedimiento Tributario - Plazos Pago,""En una liquidación notificada el 22 de octubre, ¿cuándo finaliza el período voluntario de pago?"",""El 5 de diciembre del mismo año."",""Si la notificación se practica entre los días 16 y último del mes, el plazo para el pago finaliza el día 5 del segundo mes posterior."",""Art. 62.2 LGT"""
"97,Obligaciones Formales - SII,""¿Qué sujetos pasivos del IGIC están obligados a llevar sus libros registro a través del Suministro Inmediato de Información (SII)?"",""Las grandes empresas (volumen de operaciones > 6.010.121,04 €) y aquellos inscritos en el REDEME (Régimen de Devolución Mensual)."",""La llevanza de los libros a través de la Sede Electrónica de la Agencia Tributaria Canaria es obligatoria para los sujetos pasivos con mayor volumen de operaciones o adscritos a regímenes especiales que así lo requieran."",""Art. 49.5 del Decreto 268/2011"""
"98,Obligaciones Formales - Comerciante Minorista,""Un comerciante minorista adquiere un bien con inversión del sujeto pasivo. ¿Cómo liquida el IGIC de esa operación?"",""Debe presentar una declaración-liquidación ocasional, modelo 412."",""Aunque los minoristas realizan operaciones exentas, cuando se convierten en sujetos pasivos por inversión deben liquidar el impuesto mediante un modelo específico para operaciones no periódicas."",""Art. 58.1.c) del Decreto 268/2011"""
"99,Procedimiento Tributario - Efectos,""Una comprobación de datos sobre errores aritméticos finaliza con una liquidación. ¿Impide esto una posterior comprobación limitada sobre ingresos no declarados del mismo período?"",""No, no lo impide."",""El procedimiento de verificación de datos no tiene efectos preclusivos. Su finalización no impide una posterior comprobación, ya sea limitada o inspectora, sobre el mismo objeto tributario."",""Art. 133.1 y 140.1 LGT"""
"100,Procedimiento Tributario - Aplazamientos,""Para solicitar un aplazamiento de una deuda de 55.000€, ¿debe aportarse garantía?"",""Sí, debe aportarse garantía."",""El umbral actual para la dispensa de garantía es de 50.000€. Al superar la deuda dicha cantidad, la aportación de garantía (aval, seguro de caución) es obligatoria."",""Art. 82.1 LGT y Orden HFP/311/2023"""
"101,Procedimiento Tributario - Compensación,""Un contribuyente solicita compensar una deuda de ITPAJD con una devolución de IGIC pendiente. ¿Qué efecto tiene la solicitud?"",""Impide el inicio del período ejecutivo para la deuda de ITPAJD y suspende el procedimiento de recaudación, pero no detiene el devengo de intereses de demora."",""La solicitud de compensación presentada en período voluntario actúa como una causa de suspensión del procedimiento de cobro hasta que se resuelva."",""Art. 65.5 y 72.1 LGT"""
"102,Procedimiento Tributario - Recursos,""Si la Administración no resuelve un recurso de reposición en el plazo de un mes, ¿qué puede hacer el contribuyente?"",""Puede considerar el recurso desestimado por silencio administrativo y abrir la siguiente vía de impugnación: la Reclamación Económico-Administrativa."",""La falta de resolución en plazo del recurso de reposición tiene efectos desestimatorios (silencio negativo), habilitando al interesado para acudir al Tribunal Económico-Administrativo."",""Art. 225.4 LGT"""
"103,Impuestos Especiales Canarias,""Un mayorista importa gasóleo en Canarias pero no dispone de depósito fiscal. ¿Se devenga el Impuesto sobre Combustibles Derivados del Petróleo en la importación?"",""No, solo se devenga el IGIC en la importación."",""La Ley 5/1986 del Impuesto sobre Combustibles no contempla la importación como hecho imponible. El impuesto se devengará en la salida del depósito fiscal o cuando se destine a consumo."",""Art. 3 y 4 de la Ley 5/1986; Art. 8 de la Ley 20/1991"""
"104,Impuestos Especiales Canarias,""En Canarias, ¿qué tres impuestos principales gravan la importación de cigarrillos?"",""El IGIC (Impuesto General Indirecto Canario), el ILT (Impuesto sobre las Labores del Tabaco) y el AIEM (Arbitrio sobre Importaciones y Entregas de Mercancías en las Islas Canarias)."",""El tabaco está sujeto al impuesto general (IGIC), un impuesto específico sobre el producto (ILT) y un arbitrio que protege la producción local (AIEM)."",""Ley 20/1991 (IGIC), Ley 1/2011 (ILT), Ley 19/1994 (REF - AIEM)"""
"105,ITPAJD,""¿Qué tipo de gravamen superreducido de ITPAJD se aplica en Canarias para la adquisición de vivienda habitual por una familia monoparental?"",""Se aplica un tipo superreducido del 1%."",""La normativa canaria establece beneficios fiscales para colectivos específicos, como las familias monoparentales, aplicando un tipo del 1% si se cumplen los requisitos de renta establecidos."",""Art. 27.3.c) del Decreto Legislativo 1/2009"""
"106,Procedimiento Tributario - Inspección,""Si en una personación de la Inspección el contribuyente no tiene la documentación, ¿qué medidas cautelares se pueden adoptar para asegurar las pruebas?"",""Se pueden adoptar medidas como el precinto de locales o ficheros, la incautación de documentos o la intervención de los ingresos de la actividad."",""La ley faculta a la Inspección para adoptar medidas cautelares proporcionadas con el fin de impedir que desaparezcan, se destruyan o alteren las pruebas determinantes para la comprobación."",""Art. 146 LGT"""
"107,Procedimiento Tributario - Rectificación,""¿Mediante qué procedimiento debe un contribuyente corregir una autoliquidación que le perjudicó, solicitando una devolución (p. ej., por no aplicar un tipo reducido)?"",""Mediante la presentación de una Autoliquidación Rectificativa."",""La Ley 13/2023 modificó el procedimiento, sustituyendo la """"solicitud de rectificación"""" por la presentación de una nueva autoliquidación completa que corrige la anterior y de la que resulta la cantidad a devolver."",""Art. 120.3 LGT (modificado por Ley 13/2023); RD 117/2024"""
"108,Procedimiento Tributario - Inspección,""¿Cuál es la duración máxima de un procedimiento inspector si la cifra de negocios del obligado supera los 6.010.121,04 € en uno de los ejercicios comprobados?"",""27 meses."",""El plazo general de 18 meses se amplía a 27 cuando concurren circunstancias específicas, como una elevada cifra de negocios, que justifican una mayor complejidad en la comprobación."",""Art. 150.1.b) LGT"""
"109,Procedimiento Tributario - Prescripción,""Si un procedimiento inspector excede su plazo máximo de duración, ¿qué efecto tiene sobre la interrupción de la prescripción?"",""Las actuaciones realizadas hasta el incumplimiento del plazo no interrumpen la prescripción. La prescripción solo se entenderá interrumpida por las actuaciones posteriores a dicho incumplimiento."",""Es la principal consecuencia de la caducidad del procedimiento inspector. La inactividad de la Administración no puede perjudicar al contribuyente manteniendo la interrupción de la prescripción indefinidamente."",""Art. 150.2 LGT"""
"110,Procedimiento Tributario - Embargo,""En el embargo de una cuenta bancaria, ¿qué parte del saldo es inembargable si corresponde a una pensión?"",""Es inembargable la cuantía de la pensión que no exceda del Salario Mínimo Interprofesional (SMI)."",""La Ley de Enjuiciamiento Civil, aplicable en el procedimiento de apremio, protege un mínimo vital del deudor, declarando inembargable el importe del SMI en sueldos y pensiones."",""Art. 607 LEC; Art. 171.3 LGT"""
"111,Procedimiento Tributario - Aplazamientos,""¿Qué efectos produce el incumplimiento de un aplazamiento de deuda solicitado en período voluntario?"",""Se inicia el período ejecutivo, exigiéndose el principal pendiente, los intereses de demora del aplazamiento y el recargo del período ejecutivo sobre la suma de ambos."",""El incumplimiento del acuerdo de aplazamiento activa inmediatamente el procedimiento de apremio sobre la totalidad de la deuda pendiente más los recargos correspondientes."",""Art. 54 del RGR (Reglamento General de Recaudación)"""
"112,ITPAJD - Base Imponible,""En una transmisión de un inmueble, si el valor declarado (320.000€) es superior al valor de referencia de catastro (260.000€), ¿cuál es la base imponible del ITPAJD?"",""La base imponible es el valor declarado de 320.000 euros."",""La ley establece que aunque el valor de referencia es la base imponible por defecto, si el valor declarado por el interesado es superior, prevalecerá este último."",""Art. 10.1 del TRLITPAJD"""
"113,Procedimiento Tributario - Prescripción,""Si un procedimiento inspector, cuyo plazo máximo se amplió a 27 meses, finaliza después de ese plazo, ¿qué efecto tiene sobre la prescripción de los periodos más antiguos que se estaban comprobando?"",""Las actuaciones realizadas hasta la fecha de caducidad (fin de los 27 meses) no interrumpen la prescripción. Por tanto, los periodos cuyo plazo de prescripción de 4 años venció durante la tramitación del procedimiento se consideran prescritos."",""La caducidad del procedimiento anula su efecto interruptor sobre la prescripción, lo que puede provocar que la Administración pierda su derecho a liquidar los ejercicios más antiguos incluidos en la inspección."",""Art. 150.2 LGT"""
"114,ITPAJD - Garantías Reales,""En la compraventa de un inmueble en Canarias, se establece una condición resolutoria explícita en garantía de un precio aplazado. ¿Cómo tributa dicha condición?"",""Tributa por la modalidad de Transmisiones Patrimoniales Onerosas (TPO) a un tipo del 1% sobre el importe del capital garantizado (el precio aplazado)."",""La constitución de derechos reales de garantía para asegurar el cumplimiento de una obligación, como una condición resolutoria, es un hecho imponible específico dentro de TPO, separado de la transmisión principal."",""Art. 7.1.b) y Art. 8.c) del RDL 1/1993 (TRLITPAJD); Arts. 30-33 del DL 1/2009"""
"115,IGIC - Localización,""Un asesor fiscal canario presta servicios a una empresa con sede en Madrid pero con un establecimiento permanente (EP) en Canarias. Si los servicios se utilizan para la actividad de la sede de Madrid, ¿dónde se localiza la operación a efectos de IGIC?"",""Se localiza en Madrid (sede del destinatario). No está sujeta a IGIC."",""La regla de localización de servicios B2B atiende a la sede del destinatario, salvo que los servicios se presten para las necesidades específicas de un EP. Si se usan para la sede principal, la localización se desplaza fuera de Canarias."",""Art. 17.Uno.2 de la Ley 20/1991"""
"116,Procedimiento Tributario - Sanciones,""En una liquidación de inspección, si el perjuicio económico para la Hacienda Pública se calcula en un 60%, ¿en cuántos puntos porcentuales se incrementa la sanción base por dejar de ingresar?"",""La sanción se incrementa en 20 puntos porcentuales."",""La Ley General Tributaria establece una tabla de graduación donde un perjuicio económico de entre el 50% y el 75% supone un incremento de 20 puntos sobre la sanción base."",""Art. 191.5 LGT"""
"117,Procedimiento Tributario - Comprobación Valores,""En una Tasación Pericial Contradictoria, el contribuyente declara 150.000€ y la Administración valora en 280.000€. Si un tercer perito valora en 125.000€, ¿quién abona los gastos de este perito?"",""La Administración Tributaria Canaria (ATC)."",""Aunque la norma es compleja, en este caso la valoración del tercer perito es inferior a la declarada y la diferencia es menor del 20% de dicha declaración, por lo que los costes del perito los asume la Administración."",""Art. 135 LGT"""
"118,IGIC - Deducciones,""Un comerciante minorista pasa al régimen general de IGIC. ¿Qué importe puede deducir por sus existencias de 150.000€ adquiridas en Canarias?"",""Puede deducir la cuota resultante de aplicar al coste de adquisición el tipo impositivo vigente (3%) más el tipo del recargo de equivalencia que se le aplicó en su momento (0,3%). Total a deducir: 150.000€ * (3% + 0,3%) = 4.950€."",""La ley permite una deducción extraordinaria al cambiar de régimen para compensar las cuotas (IGIC + recargo) que el minorista soportó sin poder deducir."",""Art. 90.2.b) de la Ley 20/1991"""
"119,Procedimiento Tributario - Aplazamientos,""Una empresa solicita aplazar deudas por 29.400€. Si ya tiene otra deuda en ejecutiva de 52.000€, ¿se le puede conceder el aplazamiento de las nuevas deudas sin garantía?"",""No. Para decidir sobre la dispensa de garantía, la Administración suma todas las deudas pendientes del solicitante. Al superar el total (81.400€) el umbral de 50.000€, se exigirá garantía."",""La dispensa de garantía no se analiza por cada solicitud aislada, sino considerando la situación deudora global del contribuyente para evaluar el riesgo."",""Instrucción 1/2023 de la AEAT (criterio análogo)"""
"120,Procedimiento Tributario - Notificaciones,""¿Es válida la notificación del inicio de una inspección por agente tributario a una sociedad obligada a recibir notificaciones electrónicas, si se justifica en el expediente un riesgo inminente de prescripción?"",""Sí, la notificación es válida."",""La ley permite practicar notificaciones por medios no electrónicos, aunque el canal sea obligatorio, cuando la inmediatez o celeridad sea necesaria para asegurar la eficacia de la actuación administrativa, como es evitar una prescripción."",""Art. 41.1.a) de la Ley 39/2015 (LPAC)"""
"121,IGIC - Localización,""Una empresa eléctrica canaria suministra electricidad a una empresa revendedora domiciliada en Segovia. ¿La operación está sujeta a IGIC?"",""No, la operación no está sujeta a IGIC al entenderse realizada en Segovia."",""Para las entregas de electricidad a un empresario revendedor, se aplica una regla especial que localiza la operación donde el adquirente tenga su sede, con independencia de dónde se genere la electricidad."",""Art. 17.Uno.3 de la Ley 20/1991"""
"122,ITPAJD - Operaciones Societarias,""¿Cómo tributa la disolución de una sociedad mercantil con adjudicación de bienes (electrodomésticos) a sus socios?"",""Tributa por la modalidad de Operaciones Societarias (OS) del ITPAJD, al tipo del 1%. El sujeto pasivo es cada uno de los socios por la parte que se le adjudica."",""La disolución de una sociedad con reparto de su haber social a los socios es un hecho imponible específico de la modalidad OS, gravado al 1%."",""Art. 7.2.a) y Art. 23.b) del RDL 1/1993 (TRLITPAJD)"""
"123,Descuentos,""¿Qué constituye la base imponible del IGIC?"",""Es el monto sobre el cual se calcula el impuesto, que incluye el precio de los bienes o servicios menos los descuentos aplicados."","""",""Ley 20/1991, de 7 de junio, art. 11.""
"124,Descuentos,""¿Qué tipos de descuentos se aplican en la base imponible del IGIC?"",""Descuentos comerciales, descuentos por pronto pago y descuentos promocionales."","""",""Ley 20/1991, de 7 de junio, art. 11.""
"125,Descuentos,""¿Qué descuentos no minoran la base imponible?"",""Descuentos condicionados, descuentos aplicados después de la factura y descuentos en especie."","""",""Ley 20/1991, de 7 de junio, art. 11.""
"126,Descuentos,""¿Cuándo son válidos los descuentos que reducen la base imponible?"",""Cuando se aplican antes de fijar el precio final de la transacción."","""",""Ley 20/1991, de 7 de junio, art. 11.""
"127,Descuentos,""¿Qué es un descuento por volumen?"",""Es un descuento aplicado cuando un cliente compra grandes cantidades de productos."","""",""Ley 20/1991, de 7 de junio, art. 11.""
"128,Descuentos,""¿Qué es un descuento por pronto pago?"",""Es un descuento ofrecido si el cliente paga antes de la fecha de vencimiento."","""",""Ley 20/1991, de 7 de junio, art. 11.""
"129,Descuentos,""¿Cómo se calcula el IGIC sobre la base imponible?"",""Se calcula aplicando el porcentaje del IGIC a la base imponible después de descuentos."","""",""Ley 20/1991, de 7 de junio, art. 11.""
"130,Descuentos,""¿Qué son los descuentos promocionales?"",""Descuentos temporales ofrecidos para incentivar compras durante eventos o temporadas."","""",""Ley 20/1991, de 7 de junio, art. 11.""
"131,Descuentos,""¿Cuál es un ejemplo de descuento que no afecta la base imponible?"",""Un descuento condicionado a alcanzar un volumen de compras futuro."","""",""Ley 20/1991, de 7 de junio, art. 11.""
"132,Descuentos,""¿Qué se debe hacer si se aplica un descuento después de emitir una factura?"",""Se debe emitir un documento rectificativo para ajustar la base imponible."","""",""Ley 20/1991, de 7 de junio, art. 11.""